0.02953,0.018616,0.013871,0.021797,0.021453,0.022379,0.014281,0.022629,0.024538,0.016836,0.0095432,0.013401,0.013797,0.031272,0.031133,0.01392,0.011287,0.018834,0.013358,0.01654,0.018566,0.018016,0.01649,0.026557,0.017255,0.016115,0.024201,0.018477,0.023646,0.034525,0.037585,0.025726,0.031334,0.029848,0.028835,0.015237,0.017454,0.023467,0.015337,0.017512,0.014745,0.011733,0.016642,0.015663,0.01439,0.0087739,0.011646,0.011097,0.010015,0.0081776,0.019519,0.018302,0.021578,0.017199,0.015425,0.012342,0.017649,0.014596,0.018931,0.019227,0.037517,0.033878,0.013747,0.045261,0.040408,0.025098,0.015131,0.035584,0.025375,0.010562,0.024765,0.038717,0.013703,0.0043323,0.0068545,0.0060229,0.0036563,0.0060724,0.010384,0.0079841,0.010178,0.0082921,0.013787,0.017178,0.020961,0.032325,0.019008,0.019696,0.016811,0.0079264,0.017835,0.013004,0.0055018,0.016674,0.0085869,0.013475,0.020248,0.018334,0.015917,0.016817,0.016381,0.020966,0.020114,0.022761,0.017616,0.018219,0.020616,0.017227,0.015346,0.016893,0.017734,0.016835,0.011939,0.010384,0.011623,0.0069539,0.0076416,0.013177,0.021737,0.024191,0.020421,0.011743,0.011626,0.02758,0.018969,0.019104,0.013783,0.015127,0.013242,0.010267,0.016204,0.01869,0.017242,0.010546,0.011574,0.011428,0.0079865,0.016386,0.016771,0.015241,0.01686,0.021258,0.015396,0.010507,0.015189,0.011173,0.010363,0.006221,0.01198,0.019309,0.029353,0.012427,0.010421,0.0089549,0.015791,0.014493,0.014965,0.013736,0.012865,0.0083688,0.029322,0.027806,0.013893,0.016457,0.017397,0.027897,0.016881,0.015047,0.017908,0.034286,0.0047822,0.0077025,0.024206,0.027963,0.025119,0.020695,0.016422,0.016999,0.037357,0.037907,0.027872,0.018345,0.011363,0.019657,0.021837,0.020535,0.012193,0.021629,0.024085,0.015692,0.010075,0.016617,0.013379,0.030838,0.030172,0.014507,0.0096745,0.018109,0.013457,0.016022,0.017675,0.018816,0.017317,0.025824,0.01585,0.014955,0.021073,0.021374,0.016955,0.031564,0.032481,0.025388,0.031349,0.027224,0.0301,0.018218,0.017134,0.023267,0.017382,0.018405,0.016182,0.01238,0.016228,0.015025,0.0088201,0.0060671,0.011761,0.012324,0.011963,0.0086006,0.017757,0.017638,0.0208,0.016891,0.015578,0.013655,0.016879,0.01503,0.018961,0.018724,0.03748,0.033927,0.014804,0.03995,0.040153,0.03165,0.015521,0.033774,0.03271,0.0099688,0.020098,0.031922,0.014648,0.0076748,0.010224,0.008578,0.0090893,0.0073811,0.010704,0.0084135,0.016655,0.011456,0.014074,0.020338,0.017429,0.028545,0.018985,0.017181,0.0158,0.0064032,0.011477,0.014408,0.0068717,0.018855,0.010527,0.014374,0.019855,0.015219,0.016361,0.016857,0.015791,0.0193,0.019767,0.020961,0.01559,0.017618,0.017439,0.01355,0.014907,0.015133,0.018807,0.020579,0.013135,0.011252,0.0080655,0.0092814,0.0079245,0.013262,0.017237,0.021843,0.018355,0.013975,0.010752,0.027613,0.021754,0.016087,0.01015,0.020061,0.013943,0.013123,0.017888,0.01806,0.016872,0.012,0.012622,0.016036,0.010505,0.017175,0.018711,0.013779,0.018203,0.017467,0.013886,0.011484,0.017267,0.011722,0.010316,0.0069325,0.011094,0.027715,0.024691,0.013111,0.0094191,0.0093451,0.012709,0.016265,0.015133,0.014062,0.014403,0.010318,0.02734,0.027009,0.013216,0.014493,0.016844,0.017899,0.016091,0.016011,0.014961,0.03,0.0053609,0.010085,0.022332,0.028281,0.023201,0.026957,0.012911,0.015049,0.032808,0.036119
0.038226,0.070799,0.059579,0.067376,0.066205,0.064918,0.060127,0.11147,0.10182,0.061749,0.051562,0.06816,0.053989,0.0091856,0,0.058782,0.062285,0.089715,0.054962,0.056022,0.056482,0.057695,0.075604,0.044048,0.068795,0.043668,0.056031,0.091265,0.01825,0.057111,0.04854,0.0059772,0.042709,0.032475,0.040586,0.073929,0.055891,0.04126,0.069649,0.07821,0.055282,0.055286,0.054012,0.029085,0.03493,0.034217,0.072333,0.062067,0.061665,0.045622,0.11008,0.095405,0.10009,0.078748,0.074386,0.077753,0.046194,0.027238,0.032869,0.037915,0.024463,0.018917,0.012441,0.021404,0.064147,0.070665,0.049673,0.056491,0.078238,0.04914,0.052567,0.060528,0.023274,0.043338,0.071833,0.069058,0.043571,0.048855,0.069889,0.045732,0.070435,0.050418,0.022566,0.018145,0,0.018125,0.05257,0.070737,0.010157,0.020976,0.0105,0.024345,0.0094403,0.049766,0.035344,0.056714,0.0288,0.013289,0.061902,0.084353,0.075924,0.063908,0.044064,0.068701,0.062853,0.057792,0.064676,0.023413,0.029016,0.057967,0.019135,0.030928,0.042627,0.033815,0.055106,0.070504,0.058042,0.059651,0.039552,0.059987,0.051458,0.076896,0.07618,0.083864,0.10459,0.045015,0.051278,0.092272,0.088415,0.061636,0.10255,0.085253,0.052295,0.037513,0.065119,0.068634,0.052551,0.076594,0.093976,0.078401,0.072451,0.049695,0.050965,0,0.022426,0.053278,0.05583,0.025557,0,0.081098,0.048933,0.056577,0.046684,0.04871,0.041389,0.073609,0.075441,0.054969,0.062656,0.044171,0.055038,0.020892,0.06528,0.025635,0.041802,0.021162,0.045166,0.05854,0.032072,0.017481,0.026513,0.055618,0.05488,0.063976,0.10126,0.090089,0.026069,0.045004,0.0079883,0.0072565,0.038024,0.073804,0.062691,0.066923,0.064218,0.066361,0.058804,0.10945,0.10097,0.051559,0.043632,0.052529,0.053977,0.0066495,0,0.061197,0.059322,0.088371,0.053354,0.059763,0.060441,0.061503,0.076662,0.044503,0.04203,0.035045,0.048971,0.077666,0.015707,0.054064,0.04999,0,0.04163,0.028145,0.025126,0.080573,0.05282,0.026284,0.07236,0.078634,0.0608,0.052752,0.041569,0.018423,0.037431,0.031331,0.073499,0.06374,0.060351,0.041948,0.10885,0.096035,0.10103,0.076492,0.069856,0.073771,0.043707,0.021657,0.029159,0.031557,0.01722,0,0,0.0025064,0.056335,0.064366,0.012292,0.044683,0.064379,0.039996,0.018785,0.04675,0.0059484,0.013782,0.056905,0.049029,0.010744,0.029196,0.057997,0.035555,0.054923,0.033425,0,0,0,0,0.029677,0.068386,0,0.015804,0,0.023943,0.0048759,0.03889,0.033046,0.052596,0.0080462,0,0.056146,0.083581,0.07357,0.063676,0.039469,0.071475,0.062093,0.054276,0.051773,0.010122,0.021727,0.046692,0.0030561,0.023643,0.0333,0.028487,0.052787,0.069723,0.053809,0.033245,0.030984,0.056399,0.048831,0.053765,0.067205,0.078268,0.10301,0.041141,0.043434,0.089097,0.078748,0.036794,0.088471,0.065123,0.034471,0.030321,0.061851,0.066097,0.045948,0.074389,0.090075,0.076495,0.078594,0.048551,0.05114,0,0.010651,0.049891,0.055665,0.017241,0,0.067022,0.015315,0.058035,0.050149,0.050822,0.038662,0.076515,0.078143,0.056081,0.064671,0.048705,0.029049,0.0071601,0.060782,0.023522,0.038913,0.017931,0.043648,0.061643,0.015882,0.0078416,0,0.050117,0.049162,0.063445,0.092674,0.067822,0,0.026962,0,0.0038423
0.18068,0.06578,0.066066,0.11606,0.11328,0.10959,0.066198,0.092817,0.096405,0.11709,0.099825,0.13176,0.065787,0.12485,0.15463,0.061384,0.067038,0.081867,0.065794,0.070109,0.088044,0.088915,0.052228,0.12419,0.11892,0.12661,0.11264,0.095617,0.13532,0.10902,0.097827,0.11347,0.07757,0.10896,0.11055,0.051893,0.090045,0.12947,0.061484,0.06729,0.071423,0.070251,0.1274,0.13261,0.10068,0.088485,0.061923,0.065173,0.05805,0.088076,0.068235,0.073432,0.096101,0.066554,0.078582,0.083393,0.091013,0.077867,0.10266,0.11968,0.090958,0.16719,0.18496,0.11203,0.077946,0.09261,0.15298,0.13714,0.11234,0.11027,0.12336,0.1141,0.19129,0.13917,0.11531,0.099284,0.13059,0.11719,0.11615,0.10542,0.12745,0.12144,0.16212,0.14882,0.18535,0.18896,0.13179,0.04374,0.1401,0.066766,0.12311,0.073008,0.029333,0.083192,0.10695,0.10944,0.14117,0.12513,0.086705,0.082257,0.065062,0.081614,0.090599,0.089644,0.085998,0.073829,0.055947,0.1206,0.09407,0.051232,0.12861,0.066649,0.070454,0.063297,0.037371,0.072605,0.087808,0.042049,0.070243,0.064429,0.077859,0.04276,0.04395,0.10375,0.064123,0.047534,0.054467,0.062783,0.089763,0.12383,0.056286,0.071296,0.14571,0.095462,0.046578,0.077218,0.12205,0.099204,0.089236,0.087932,0.07973,0.09343,0.099088,0.15236,0.14051,0.095618,0.084065,0.13093,0.18656,0.11687,0.14118,0.05657,0.049751,0.048672,0.045915,0.055348,0.07066,0.06583,0.061247,0.043746,0.10652,0.12615,0.06594,0.016005,0.041662,0.044453,0.07857,0.05927,0.1275,0.14648,0.14042,0.048389,0.10295,0.11794,0.079703,0.077988,0.11686,0.05935,0.16483,0.12078,0.17197,0.063779,0.059207,0.10925,0.1173,0.10366,0.063654,0.086942,0.094499,0.10406,0.088364,0.1201,0.069312,0.11154,0.14009,0.060391,0.063721,0.077387,0.065254,0.075164,0.081307,0.089703,0.052261,0.12081,0.11922,0.10749,0.09817,0.097576,0.11051,0.094673,0.085176,0.1057,0.064717,0.080333,0.098212,0.046541,0.083083,0.11898,0.053808,0.068245,0.072116,0.061921,0.11084,0.12016,0.079711,0.07801,0.062106,0.063183,0.052447,0.085739,0.064403,0.074494,0.089315,0.063241,0.073651,0.081905,0.085544,0.063188,0.093575,0.11166,0.080054,0.14736,0.15488,0.10081,0.065292,0.084621,0.14125,0.11465,0.10274,0.092093,0.10511,0.080497,0.15232,0.12803,0.10534,0.090733,0.10751,0.1076,0.09117,0.08532,0.11425,0.10288,0.14393,0.14376,0.13471,0.16075,0.10678,0.030149,0.097741,0.046828,0.092045,0.049829,0.012867,0.080941,0.094205,0.10155,0.12552,0.11759,0.088215,0.078312,0.058552,0.079336,0.081356,0.094157,0.083443,0.065869,0.057723,0.099715,0.082843,0.044482,0.1299,0.05877,0.066663,0.058505,0.032759,0.069438,0.088112,0.032645,0.056447,0.053087,0.069034,0.034629,0.033338,0.097674,0.06416,0.036226,0.036363,0.060451,0.08579,0.11399,0.046393,0.04666,0.12573,0.087075,0.045462,0.069502,0.11426,0.089001,0.097713,0.08692,0.072555,0.08558,0.092918,0.12859,0.12623,0.087856,0.079388,0.11053,0.15602,0.1139,0.13276,0.053942,0.04443,0.047881,0.033914,0.053224,0.066552,0.065685,0.066341,0.042637,0.094051,0.10452,0.06101,0.010005,0.027531,0.045047,0.076094,0.059364,0.11854,0.13042,0.11171,0.04153,0.10115,0.11447,0.077644,0.074653,0.10011,0.046655,0.1475,0.1092
0.14962,0.13414,0.12236,0.16437,0.15679,0.1477,0.12233,0.19573,0.20499,0.092624,0.065755,0.10904,0.10946,0.11397,0.098618,0.10542,0.10493,0.16036,0.10029,0.11434,0.11961,0.12338,0.13857,0.12108,0.10957,0.091372,0.13363,0.14221,0.1314,0.20918,0.23091,0.088212,0.18192,0.15515,0.16702,0.14174,0.1079,0.099406,0.13874,0.14227,0.10805,0.11068,0.090992,0.059339,0.081376,0.083267,0.13011,0.098716,0.1043,0.088846,0.20932,0.18594,0.19106,0.14508,0.13674,0.11311,0.093699,0.070182,0.062182,0.062593,0.1189,0.12735,0.091351,0.1265,0.19131,0.14792,0.15701,0.20651,0.16427,0.12051,0.15728,0.20468,0.121,0.070149,0.10379,0.10438,0.10395,0.044834,0.10798,0.080776,0.13249,0.074436,0.089974,0.03307,0.059019,0.05527,0.12138,0.14057,0.065596,0.050556,0.042454,0.05864,0.03094,0.096834,0.073597,0.10875,0.14254,0.10087,0.094415,0.14096,0.14874,0.13819,0.099242,0.14345,0.10186,0.098174,0.1125,0.032751,0.041195,0.079685,0.058391,0.071202,0.057209,0.045861,0.083725,0.10879,0.096779,0.1595,0.26646,0.55238,0.15506,0.097145,0.10941,0.16413,0.15592,0.13452,0.12323,0.14681,0.13419,0.13238,0.17006,0.19211,0.16294,0.087215,0.10627,0.10035,0.072344,0.13563,0.13794,0.11356,0.13584,0.15004,0.12514,0.065466,0.13178,0.11335,0.066548,0.01674,0.10217,0.21154,0.23312,0.10692,0.10593,0.1013,0.13594,0.1303,0.11932,0.10397,0.11214,0.099335,0.17217,0.13999,0.1312,0.060157,0.11295,0.046649,0.077033,0.11781,0.0466,0.12776,0.071269,0.075539,0.12959,0.1463,0.17,0.19163,0.12313,0.074296,0.083884,0.071497,0.14538,0.1355,0.12258,0.15915,0.15354,0.147,0.12212,0.19111,0.19977,0.070859,0.052004,0.071936,0.11069,0.10306,0.07533,0.11222,0.10299,0.15933,0.098143,0.11848,0.12129,0.13069,0.13822,0.12175,0.045057,0.05657,0.11652,0.12902,0.10489,0.19292,0.21599,0.077369,0.16447,0.13198,0.14852,0.14712,0.098271,0.07406,0.14118,0.14213,0.1132,0.10017,0.061946,0.033609,0.069606,0.072905,0.1281,0.099835,0.1059,0.086444,0.20439,0.18402,0.18881,0.13984,0.12566,0.10516,0.086868,0.061988,0.054728,0.052796,0.10448,0.087568,0.055917,0.099587,0.18387,0.15275,0.11013,0.19058,0.16945,0.11361,0.091718,0.16822,0.085962,0.030903,0.07606,0.10572,0.072696,0.021307,0.085062,0.06943,0.11391,0.032714,0.063079,0.035094,0.013524,0.022107,0.094787,0.14396,0.016776,0.051459,0.014357,0.043108,0.020764,0.08932,0.071518,0.10057,0.10303,0.065576,0.093596,0.14347,0.14481,0.13575,0.099566,0.14863,0.10497,0.092926,0.1026,0.011033,0.027749,0.082479,0.044481,0.061171,0.039814,0.037959,0.081353,0.11175,0.091694,0.089253,0.11384,0.1601,0.13854,0.097726,0.096988,0.15506,0.16417,0.1194,0.098662,0.15089,0.11412,0.10635,0.15692,0.1696,0.13477,0.094362,0.1102,0.10499,0.073154,0.13292,0.13918,0.1144,0.14117,0.13195,0.117,0.045818,0.12117,0.11284,0.074033,0.008873,0.054169,0.21742,0.16968,0.10736,0.10588,0.10211,0.1128,0.13345,0.12888,0.10542,0.11726,0.10227,0.12993,0.11108,0.12535,0.058139,0.11282,0.038129,0.077933,0.12225,0.024599,0.10863,0.014924,0.06989,0.12433,0.14668,0.16152,0.17534,0.077161,0.04959,0.058453,0.061816
0.054984,0.024841,0.032382,0.041869,0.039717,0.035481,0.025653,0.036023,0.037786,0.040586,0.033944,0.032629,0.030977,0.03233,0.038732,0.026132,0.024228,0.026484,0.026847,0.023008,0.026361,0.026818,0.019962,0.04252,0.033333,0.026077,0.034506,0.032164,0.027248,0.018943,0.021197,0.027394,0.013291,0.02139,0.021666,0.019718,0.039197,0.047336,0.026329,0.028594,0.032796,0.033875,0.043429,0.040182,0.037517,0.028448,0.027085,0.028546,0.024514,0.027796,0.028543,0.032769,0.037711,0.029546,0.034583,0.034466,0.03271,0.023476,0.04299,0.047232,0.019179,0.033957,0.036878,0.022407,0.01441,0.024497,0.026187,0.022487,0.023701,0.020234,0.022264,0.017771,0.036916,0.03277,0.028769,0.024939,0.026848,0.04193,0.030895,0.025845,0.033405,0.035288,0.037828,0.050924,0.041445,0.050495,0.029719,0.011272,0.029854,0.014542,0.032409,0.020685,0.0073483,0.019691,0.032638,0.038645,0.022966,0.019853,0.042454,0.04002,0.029208,0.036763,0.037741,0.033899,0.041211,0.035115,0.023076,0.044647,0.039661,0.018303,0.036192,0.019745,0.034897,0.033455,0.021777,0.030445,0.03089,0.011752,0.020353,0.018846,0.027941,0.015717,0.018208,0.034798,0.022687,0.015811,0.018884,0.020798,0.025555,0.029413,0.017929,0.013092,0.028448,0.021359,0.014972,0.023679,0.038582,0.029372,0.030738,0.033054,0.026774,0.036348,0.033678,0.036692,0.02932,0.028399,0.043171,0.050716,0.037905,0.023801,0.021544,0.027705,0.02343,0.02185,0.011671,0.019001,0.027661,0.023943,0.024626,0.021894,0.02186,0.027608,0.025055,0.0042283,0.008865,0.011157,0.033885,0.027333,0.040038,0.027307,0.032089,0.016548,0.034752,0.039566,0.027042,0.019585,0.019614,0.023823,0.041513,0.033383,0.053085,0.021887,0.030786,0.039275,0.039507,0.033002,0.025407,0.029761,0.03294,0.039304,0.03083,0.034371,0.031865,0.031462,0.037091,0.023729,0.022295,0.02306,0.027099,0.024602,0.024028,0.026631,0.018891,0.040821,0.043629,0.028797,0.032109,0.033098,0.025707,0.016562,0.019924,0.026905,0.011609,0.016195,0.020013,0.018675,0.037719,0.045939,0.023118,0.02771,0.030974,0.030184,0.04431,0.040507,0.032054,0.025603,0.025945,0.024673,0.021458,0.026621,0.023146,0.02749,0.033191,0.01767,0.028826,0.033557,0.033122,0.018806,0.038982,0.044747,0.017792,0.029378,0.033759,0.020695,0.0099768,0.017633,0.023855,0.015726,0.017898,0.013521,0.019698,0.011045,0.030776,0.032513,0.028143,0.017372,0.018943,0.041511,0.026848,0.021946,0.029381,0.03705,0.032226,0.042868,0.029453,0.041975,0.020446,0.0043487,0.020905,0.0093163,0.021816,0.013714,0.0045425,0.016017,0.027573,0.03189,0.022098,0.020776,0.042385,0.037162,0.026063,0.036275,0.03181,0.036406,0.039224,0.033139,0.021767,0.037945,0.034602,0.015102,0.031876,0.016123,0.033717,0.031965,0.019334,0.026532,0.029992,0.00715,0.016589,0.014793,0.02701,0.0099345,0.0093079,0.031806,0.019213,0.011327,0.011399,0.015923,0.02746,0.024462,0.0090156,0.0038061,0.022382,0.015965,0.012719,0.023114,0.035886,0.025737,0.032193,0.030708,0.024458,0.035358,0.031105,0.032647,0.024358,0.026819,0.040305,0.047174,0.03425,0.019239,0.021164,0.026117,0.022066,0.020681,0.0076899,0.016627,0.024332,0.023138,0.025833,0.019342,0.021156,0.02194,0.02343,0,0.0035735,0.012321,0.033957,0.029913,0.037965,0.021973,0.027512,0.014075,0.033298,0.038096,0.024766,0.013586,0.01646,0.019122,0.039666,0.030591
0.16868,0.086405,0.094888,0.12623,0.12634,0.12074,0.083679,0.13947,0.12408,0.15664,0.13147,0.11222,0.090847,0.10188,0.11654,0.084452,0.089874,0.098014,0.086495,0.08062,0.095108,0.097364,0.063438,0.13771,0.12171,0.078134,0.11084,0.11567,0.088859,0.049704,0.057618,0.08097,0.032369,0.058483,0.054348,0.072861,0.13428,0.16076,0.083923,0.10643,0.11172,0.11127,0.17117,0.15213,0.12574,0.1015,0.096978,0.096513,0.081941,0.1024,0.10103,0.11152,0.13189,0.094113,0.12196,0.13899,0.10817,0.075754,0.14418,0.1651,0.061207,0.10429,0.1133,0.082052,0.043023,0.079405,0.07596,0.071715,0.065913,0.053211,0.065373,0.054821,0.12189,0.10606,0.088817,0.072915,0.086758,0.16935,0.10918,0.1007,0.1031,0.13097,0.13205,0.18474,0.14915,0.18832,0.085098,0.018609,0.095543,0.039129,0.11624,0.066552,0.021503,0.063611,0.11291,0.1336,0.078581,0.066713,0.15868,0.14204,0.10854,0.11538,0.12237,0.11977,0.14964,0.12259,0.084279,0.1698,0.1417,0.068586,0.11559,0.065833,0.13648,0.11731,0.080175,0.11164,0.1144,0.033055,0.059202,0.057147,0.078998,0.051577,0.057691,0.13081,0.083713,0.047324,0.061514,0.067494,0.07897,0.076412,0.051069,0.032458,0.09163,0.072149,0.052828,0.094767,0.14317,0.1125,0.10693,0.1224,0.094543,0.10903,0.11511,0.12035,0.090204,0.10366,0.15474,0.18213,0.1114,0.05671,0.05986,0.087296,0.065004,0.0675,0.038975,0.065467,0.10234,0.083857,0.084931,0.063135,0.056101,0.084494,0.085338,0.011555,0.023755,0.047452,0.12607,0.088918,0.14319,0.095851,0.11011,0.049423,0.12706,0.13708,0.11062,0.051884,0.063557,0.085269,0.13658,0.10974,0.16218,0.079409,0.092307,0.1195,0.12551,0.11182,0.079617,0.11906,0.1068,0.14568,0.12302,0.13085,0.091337,0.094389,0.11789,0.08072,0.082803,0.089153,0.086683,0.082514,0.085687,0.094011,0.062625,0.13127,0.16275,0.089982,0.10436,0.11622,0.086312,0.047462,0.055368,0.078354,0.026736,0.044516,0.051035,0.067863,0.12675,0.15439,0.076233,0.098757,0.10753,0.096236,0.16498,0.14978,0.11264,0.095586,0.086524,0.088566,0.074959,0.097929,0.085565,0.099105,0.11433,0.078376,0.1087,0.13501,0.10912,0.066393,0.13317,0.15878,0.057569,0.10151,0.1153,0.079824,0.035474,0.066927,0.07735,0.053857,0.059336,0.039505,0.063306,0.032526,0.10047,0.11599,0.095187,0.050764,0.06777,0.16084,0.09611,0.084882,0.10308,0.14131,0.11669,0.16115,0.11759,0.15749,0.063236,0.0059763,0.075528,0.025815,0.079891,0.051083,0.0085819,0.052683,0.10142,0.12243,0.079028,0.069294,0.15171,0.12719,0.084307,0.10851,0.10467,0.12704,0.14287,0.10313,0.076755,0.14397,0.12719,0.056254,0.1118,0.05368,0.12326,0.10458,0.066555,0.098773,0.11413,0.019037,0.051805,0.048636,0.072291,0.036377,0.035464,0.11743,0.078093,0.035488,0.043888,0.056879,0.089505,0.07105,0.027728,0.0044059,0.082071,0.054642,0.047311,0.089913,0.13521,0.098465,0.11703,0.11574,0.089366,0.10975,0.11281,0.11244,0.081927,0.098453,0.14295,0.17226,0.10824,0.053938,0.062205,0.078596,0.062513,0.063811,0.031876,0.057287,0.088342,0.080863,0.086849,0.060679,0.054758,0.073088,0.074896,0.003122,0.012005,0.043694,0.11485,0.089375,0.13254,0.081205,0.099845,0.041942,0.11784,0.12874,0.099692,0.042159,0.054026,0.067587,0.13642,0.10546
0.24849,0.10499,0.12425,0.18042,0.17129,0.15304,0.09956,0.15339,0.16431,0.1489,0.11389,0.10363,0.12553,0.16631,0.2029,0.10377,0.097103,0.10688,0.10269,0.1012,0.11738,0.11574,0.079624,0.17641,0.10953,0.0899,0.1636,0.12534,0.15923,0.12216,0.12406,0.13143,0.08278,0.12037,0.12286,0.11921,0.15952,0.19968,0.1315,0.11925,0.12531,0.1435,0.14664,0.15443,0.16476,0.13424,0.11324,0.10476,0.093482,0.12283,0.13594,0.141,0.15601,0.097835,0.13045,0.099142,0.12553,0.093454,0.14829,0.15311,0.093368,0.15045,0.15856,0.10783,0.07571,0.090314,0.12538,0.12471,0.094737,0.084096,0.10216,0.10196,0.16838,0.10034,0.086039,0.074209,0.10938,0.13157,0.10762,0.10076,0.11769,0.13476,0.15416,0.18442,0.17269,0.18656,0.11544,0.041792,0.1274,0.06351,0.12037,0.072334,0.028238,0.076434,0.13795,0.13882,0.12919,0.1087,0.13417,0.12965,0.11822,0.14446,0.14549,0.14075,0.14582,0.11638,0.080641,0.1317,0.11069,0.065667,0.1151,0.070257,0.10458,0.096798,0.066322,0.11573,0.12645,0.048164,0.10231,0.081432,0.12705,0.056437,0.040317,0.13904,0.061211,0.071448,0.08349,0.062494,0.076041,0.11389,0.05964,0.061599,0.13941,0.091662,0.059003,0.10177,0.16642,0.12992,0.10226,0.13209,0.12049,0.15908,0.15689,0.16768,0.14861,0.13214,0.13794,0.18443,0.18096,0.11576,0.13829,0.10437,0.089316,0.081518,0.063225,0.079894,0.11514,0.097991,0.10226,0.080044,0.12243,0.14744,0.097588,0.017282,0.045275,0.049004,0.12684,0.1033,0.12308,0.13586,0.12449,0.047858,0.15284,0.16471,0.10077,0.075597,0.10239,0.085402,0.15948,0.13268,0.24194,0.09819,0.11725,0.17382,0.17431,0.14564,0.10127,0.13058,0.15382,0.13676,0.10931,0.1072,0.12843,0.15587,0.19351,0.099758,0.092016,0.1008,0.10618,0.10408,0.11025,0.11591,0.080886,0.17435,0.14848,0.084768,0.1465,0.12924,0.13695,0.11222,0.11767,0.12781,0.077704,0.092024,0.11464,0.10324,0.1492,0.1882,0.11448,0.1122,0.12013,0.12899,0.14363,0.14701,0.14279,0.11963,0.11001,0.097621,0.090129,0.11682,0.12283,0.12905,0.14257,0.086382,0.11228,0.10314,0.12529,0.080905,0.13559,0.14582,0.087028,0.14053,0.15234,0.10367,0.066696,0.08692,0.12729,0.10528,0.094513,0.07463,0.094014,0.078001,0.14179,0.11498,0.087155,0.073981,0.098686,0.12959,0.093957,0.085971,0.12354,0.13525,0.14317,0.17351,0.13836,0.17112,0.099198,0.031249,0.098056,0.05077,0.088876,0.058093,0.016321,0.074096,0.12126,0.12823,0.12208,0.10741,0.13795,0.12923,0.11141,0.13965,0.12967,0.1549,0.15833,0.11189,0.084549,0.11498,0.10744,0.067449,0.11653,0.062939,0.096042,0.093172,0.059199,0.1079,0.123,0.038024,0.085617,0.067488,0.111,0.048799,0.026343,0.13346,0.065654,0.056715,0.057554,0.060604,0.083885,0.11524,0.046401,0.039534,0.126,0.084867,0.059995,0.09988,0.1565,0.11414,0.11889,0.12348,0.11033,0.15153,0.146,0.14628,0.138,0.12413,0.1393,0.17963,0.16153,0.11948,0.13469,0.099854,0.085452,0.077068,0.050302,0.073778,0.10219,0.096942,0.10699,0.079927,0.11432,0.12512,0.088211,0.01214,0.029609,0.049013,0.13039,0.10576,0.12145,0.1277,0.10898,0.04801,0.15138,0.16182,0.098103,0.079166,0.092692,0.072051,0.15174,0.12743
0.035907,0.019238,0.016715,0.025869,0.025938,0.024605,0.015358,0.022376,0.025393,0.018118,0.0098227,0.012498,0.017197,0.033146,0.036918,0.016418,0.012534,0.018403,0.015947,0.017082,0.019014,0.01926,0.017336,0.029436,0.014144,0.013359,0.023411,0.018068,0.024503,0.032517,0.037145,0.028746,0.03145,0.030202,0.029695,0.016589,0.021441,0.027154,0.016107,0.017786,0.018273,0.015392,0.018478,0.016568,0.017592,0.011409,0.012635,0.012601,0.011864,0.0098102,0.019199,0.02012,0.024014,0.014797,0.017646,0.011609,0.018472,0.013223,0.023293,0.022642,0.040399,0.033805,0.012037,0.04816,0.041293,0.024978,0.011109,0.035178,0.020958,0.0080419,0.024209,0.038299,0.013033,0.0006406,0.0026954,0.00072877,0,0.0065708,0.0082847,0.0048322,0.0088927,0.0067088,0.013297,0.019146,0.021398,0.03244,0.016948,0.01721,0.013703,0.0069529,0.019854,0.013225,0.0058904,0.015657,0.0086769,0.014608,0.019969,0.020423,0.016968,0.017754,0.018541,0.020394,0.022748,0.02328,0.019513,0.015311,0.017533,0.018799,0.016105,0.012529,0.014185,0.017366,0.013326,0.013256,0.008348,0.0081518,0.0071507,0.014364,0.020918,0.021765,0.020626,0.010065,0.0077183,0.027881,0.018003,0.020214,0.012151,0.013402,0.011347,0.00689,0.011061,0.0147,0.014386,0.009007,0.0098564,0.011592,0.0070766,0.015801,0.014606,0.013744,0.015288,0.022767,0.016224,0.011125,0.015088,0.012734,0.010413,0.0083775,0.011134,0.016213,0.027964,0.015638,0.010609,0.0089654,0.018452,0.015765,0.015286,0.014834,0.01458,0.0097661,0.027779,0.029695,0.014168,0.011752,0.018175,0.014335,0.018174,0.01346,0.017393,0.034285,0.00076962,0.0057767,0.026436,0.029018,0.023617,0.017273,0.014105,0.014317,0.042113,0.042973,0.033723,0.016817,0.014577,0.023882,0.025761,0.022516,0.012508,0.021736,0.025837,0.016274,0.011791,0.012702,0.01816,0.032472,0.035263,0.017023,0.011543,0.017701,0.014707,0.017625,0.020461,0.018876,0.015533,0.029193,0.014122,0.011342,0.02337,0.02031,0.017796,0.031594,0.032467,0.028372,0.028195,0.026633,0.032764,0.016411,0.021135,0.025899,0.017125,0.017638,0.015224,0.015602,0.015571,0.016481,0.010958,0.0091905,0.012986,0.011946,0.011591,0.0095835,0.018027,0.019314,0.022494,0.016532,0.016557,0.012961,0.019434,0.013512,0.020404,0.020355,0.045035,0.038442,0.016682,0.049987,0.043107,0.03255,0.014779,0.034321,0.034065,0.0082435,0.01913,0.035669,0.01298,0.007363,0.0089625,0.005411,0.010486,0.0094461,0.0098707,0.0076688,0.014605,0.013463,0.014137,0.027038,0.023509,0.035605,0.021086,0.016834,0.022536,0.0094767,0.018342,0.014434,0.0069176,0.020365,0.012209,0.014171,0.02216,0.015232,0.018743,0.018157,0.016146,0.019833,0.021028,0.023529,0.019739,0.019846,0.018436,0.018474,0.018198,0.018534,0.0246,0.023938,0.012435,0.015521,0.0099008,0.0094418,0.0085797,0.013407,0.019817,0.023818,0.01835,0.013505,0.011214,0.025919,0.019933,0.016563,0.011273,0.019811,0.01387,0.011267,0.015791,0.016118,0.015785,0.014211,0.014303,0.014644,0.011158,0.015589,0.017246,0.012533,0.016854,0.019897,0.016071,0.012821,0.018049,0.012427,0.011817,0.011044,0.013878,0.025314,0.024858,0.015192,0.010121,0.010655,0.013379,0.01633,0.016026,0.013021,0.015671,0.010933,0.027416,0.028936,0.013116,0.038121,0.020047,0.037537,0.022779,0.015527,0.017665,0.035296,0.0071889,0.0089512,0.026233,0.028024,0.023353,0.023699,0.013092,0.015728,0.03811,0.042533
0.02845,0.07006,0.057801,0.062605,0.060636,0.058375,0.05469,0.1107,0.10344,0.05559,0.043155,0.060389,0.050423,0.0017593,0,0.052293,0.055882,0.084326,0.046778,0.050049,0.050283,0.051787,0.074991,0.036845,0.061911,0.043029,0.049111,0.082866,0.015458,0.052881,0.046436,0,0.040307,0.024043,0.034267,0.070671,0.049422,0.032957,0.064275,0.074765,0.050911,0.048864,0.049616,0.025823,0.029502,0.029795,0.065935,0.054062,0.053977,0.03811,0.10812,0.09044,0.10066,0.077222,0.073476,0.07068,0.039971,0.019921,0.024936,0.027685,0.023834,0.013028,0.0048663,0.020422,0.062513,0.05953,0.039426,0.045867,0.073978,0.044551,0.04681,0.05748,0.0132,0.032349,0.05778,0.057319,0.028258,0.037433,0.057938,0.036064,0.058982,0.034369,0.011996,0.0031622,0,0.00071447,0.041302,0.070801,0,0.018989,0,0.011902,0.0074725,0.041158,0.024662,0.0514,0.021136,0.011944,0.05305,0.075903,0.072198,0.057379,0.035414,0.065041,0.054544,0.046082,0.054616,0.015241,0.019819,0.039436,0.0059201,0.01917,0.033117,0.02312,0.049435,0.063981,0.050451,0.030127,0.035923,0.05283,0.04576,0.0489,0.064317,0.077428,0.09553,0.040011,0.044894,0.081375,0.081342,0.050825,0.084803,0.074624,0.042307,0.028458,0.058582,0.058488,0.040093,0.065566,0.086399,0.071917,0.068574,0.045223,0.042882,0,0.013597,0.042415,0.045907,0.013813,0,0.073066,0.043229,0.053838,0.044229,0.046263,0.038397,0.070884,0.068415,0.047205,0.056913,0.041615,0.047582,0.014658,0.058884,0.024449,0.038795,0.014114,0.0328,0.053852,0.021031,0.0078654,0.015675,0.042998,0.048355,0.055534,0.095756,0.079591,0.018671,0.03151,0.0030076,0,0.03099,0.076304,0.061836,0.063222,0.059813,0.062775,0.057873,0.11493,0.10432,0.050115,0.043142,0.054266,0.050518,0.00071271,0,0.057984,0.054609,0.09205,0.048038,0.055894,0.057213,0.059748,0.080717,0.039658,0.043358,0.038527,0.047649,0.081082,0.016383,0.054317,0.046414,0,0.040221,0.026388,0.024246,0.081507,0.050573,0.01992,0.072434,0.081792,0.057051,0.051197,0.039304,0.02076,0.0343,0.028716,0.07155,0.061955,0.058299,0.038471,0.11385,0.097467,0.10409,0.080449,0.072598,0.07563,0.03798,0.018294,0.022804,0.025794,0.022049,0,0,0.0095432,0.062818,0.070488,0.014641,0.046832,0.073278,0.044727,0.023733,0.057885,0.0077669,0.013648,0.059447,0.056791,0.022053,0.02815,0.057757,0.036243,0.057501,0.030637,0,0,0,0,0.038107,0.075918,0,0.025277,0,0.025975,0.013965,0.047004,0.030685,0.053632,0.0093759,0,0.055011,0.083745,0.07198,0.059201,0.03958,0.069879,0.059453,0.056368,0.056597,0.010979,0.023728,0.055493,0.0048659,0.026772,0.034365,0.027254,0.054178,0.070319,0.050161,0.067994,0.033391,0.063216,0.045832,0.087399,0.075582,0.078108,0.10945,0.044828,0.045317,0.098962,0.083122,0.039613,0.10278,0.072635,0.034667,0.038543,0.067071,0.066641,0.043229,0.071906,0.09428,0.07838,0.082936,0.044653,0.047324,0,0.0088573,0.044016,0.05332,0.013201,0,0.07021,0.017923,0.0559,0.04927,0.047817,0.041659,0.075828,0.075221,0.050512,0.062404,0.048032,0.029395,0.0052522,0.062153,0.028586,0.044038,0.023964,0.043864,0.061043,0.015622,0.016858,0,0.057162,0.043567,0.059637,0.096842,0.076448,0.0025458,0.032782,0,0.0028251
0.16902,0.05539,0.054907,0.10313,0.10301,0.10276,0.059361,0.075943,0.080907,0.10475,0.092357,0.10424,0.056496,0.12177,0.15455,0.053928,0.061367,0.07313,0.060143,0.062903,0.086006,0.086521,0.03923,0.11368,0.096185,0.09625,0.10265,0.083583,0.1272,0.094538,0.08672,0.10844,0.06705,0.098093,0.098405,0.03944,0.082139,0.12149,0.050087,0.056829,0.061376,0.060353,0.11162,0.11773,0.096963,0.085748,0.053648,0.05917,0.051419,0.082613,0.053233,0.058954,0.079425,0.056156,0.066653,0.069603,0.081048,0.069128,0.093963,0.10498,0.08848,0.15127,0.16124,0.10614,0.06261,0.074767,0.12621,0.11527,0.08598,0.082987,0.098021,0.09229,0.17002,0.10585,0.080197,0.067526,0.1077,0.10455,0.094425,0.091614,0.099336,0.10193,0.14882,0.14157,0.17161,0.17143,0.10351,0.026122,0.12763,0.054191,0.1164,0.064183,0.026416,0.069736,0.10163,0.10025,0.12366,0.11127,0.07667,0.0692,0.052358,0.070239,0.084557,0.076792,0.076271,0.064818,0.052252,0.11228,0.087613,0.043063,0.11521,0.059201,0.066734,0.055315,0.032873,0.06384,0.081924,0.039247,0.061614,0.055486,0.068021,0.036066,0.026722,0.095696,0.048575,0.044139,0.045973,0.04387,0.065895,0.10059,0.038579,0.049181,0.12709,0.082971,0.034938,0.065216,0.11004,0.089211,0.07387,0.076261,0.068717,0.086048,0.094006,0.14959,0.12975,0.089993,0.075327,0.12461,0.17468,0.093747,0.12359,0.050996,0.041967,0.041685,0.041944,0.045106,0.061275,0.061231,0.052173,0.037306,0.092257,0.11858,0.060775,0.012152,0.032114,0.044476,0.069939,0.047689,0.11073,0.13174,0.12279,0.03825,0.096199,0.10798,0.069073,0.056279,0.10686,0.053301,0.15018,0.11741,0.15933,0.053284,0.047959,0.095252,0.10489,0.091921,0.054596,0.07052,0.076491,0.10458,0.092155,0.11606,0.058182,0.11308,0.1561,0.052121,0.059062,0.068003,0.058196,0.065981,0.075226,0.082345,0.041475,0.11283,0.12273,0.10127,0.098272,0.097787,0.11833,0.09374,0.07866,0.11452,0.061209,0.08178,0.10226,0.035921,0.074711,0.1226,0.043604,0.055418,0.061509,0.052587,0.10869,0.12513,0.078271,0.078839,0.050848,0.055553,0.043001,0.085789,0.047789,0.060134,0.074732,0.053949,0.062322,0.075015,0.081399,0.062874,0.088504,0.10677,0.089765,0.16904,0.1752,0.11413,0.067707,0.083436,0.15946,0.12126,0.10859,0.097084,0.116,0.091319,0.17125,0.14203,0.10278,0.095171,0.13353,0.11733,0.092986,0.09062,0.12216,0.11383,0.16669,0.16176,0.16227,0.18044,0.11891,0.026041,0.12233,0.058972,0.11148,0.05196,0.01806,0.082116,0.10315,0.10228,0.13984,0.12974,0.0786,0.067285,0.046943,0.069188,0.075647,0.083543,0.075242,0.063515,0.053989,0.10571,0.088931,0.046662,0.14231,0.065894,0.060842,0.05777,0.028044,0.059485,0.088026,0.033382,0.056234,0.054509,0.057659,0.030189,0.027238,0.087698,0.058302,0.032475,0.032908,0.056922,0.07945,0.12229,0.043383,0.047112,0.13832,0.095894,0.042446,0.065305,0.11969,0.081342,0.094867,0.084013,0.066735,0.080887,0.09338,0.15053,0.1412,0.088739,0.076489,0.1186,0.18509,0.11844,0.14838,0.048345,0.035338,0.039647,0.032927,0.042805,0.056268,0.058661,0.055566,0.035679,0.098229,0.11592,0.054754,0.010258,0.028733,0.045991,0.075146,0.049725,0.12963,0.15318,0.13593,0.038456,0.094479,0.10407,0.069276,0.077843,0.1201,0.048068,0.15686,0.11846
0.14955,0.13866,0.1296,0.16841,0.15936,0.15097,0.12647,0.19986,0.21198,0.094751,0.06438,0.10091,0.11561,0.107,0.092024,0.1098,0.11096,0.16087,0.10432,0.11779,0.12189,0.12482,0.14286,0.1201,0.10178,0.081245,0.13511,0.14143,0.13307,0.20204,0.22862,0.079951,0.17266,0.1456,0.15898,0.14681,0.11135,0.1007,0.14138,0.14685,0.11184,0.10776,0.095754,0.059031,0.084253,0.091493,0.13026,0.10238,0.11076,0.094224,0.21522,0.18904,0.19589,0.1515,0.14313,0.1134,0.092169,0.066126,0.063567,0.064553,0.11352,0.11062,0.074276,0.12141,0.18692,0.13321,0.13578,0.19074,0.14613,0.10248,0.13932,0.18944,0.10162,0.049059,0.08184,0.082246,0.081816,0.036743,0.098519,0.074039,0.11903,0.056538,0.078909,0.024618,0.044068,0.044738,0.10014,0.13657,0.052859,0.042582,0.02949,0.04656,0.025205,0.083461,0.075522,0.11208,0.13353,0.090262,0.094534,0.14043,0.14993,0.13573,0.095732,0.14714,0.10352,0.092476,0.11018,0.026575,0.033266,0.072146,0.047472,0.060158,0.051891,0.041667,0.083007,0.10986,0.10085,0.091007,0.13063,0.16098,0.15368,0.089283,0.099562,0.16455,0.15425,0.13007,0.11893,0.13655,0.12409,0.11381,0.15097,0.17183,0.14531,0.071507,0.10132,0.094707,0.065189,0.13317,0.13458,0.11376,0.13661,0.15609,0.12824,0.060562,0.12473,0.11763,0.064871,0.0095149,0.083706,0.19501,0.21838,0.11194,0.10575,0.10233,0.12903,0.13504,0.12232,0.10671,0.11704,0.099695,0.16571,0.1324,0.12776,0.058575,0.10909,0.038285,0.070567,0.11675,0.03741,0.1155,0.053522,0.064836,0.12979,0.1463,0.16956,0.17583,0.10459,0.065545,0.076197,0.065774,0.14814,0.14331,0.13132,0.16758,0.15872,0.15207,0.12844,0.20197,0.20982,0.081834,0.060998,0.07513,0.11678,0.11027,0.082864,0.11956,0.11013,0.17129,0.10457,0.12486,0.12613,0.13377,0.1483,0.12506,0.052311,0.05597,0.12657,0.1404,0.12056,0.20138,0.22895,0.080232,0.1706,0.1385,0.15503,0.15525,0.10269,0.080154,0.15187,0.15005,0.11538,0.11437,0.067257,0.042576,0.079701,0.088512,0.14031,0.11105,0.11476,0.099216,0.21844,0.19737,0.19658,0.14985,0.13523,0.11445,0.086588,0.061509,0.052147,0.052601,0.11007,0.091899,0.061741,0.10632,0.19093,0.15664,0.11865,0.20299,0.1765,0.11787,0.095568,0.17923,0.097425,0.035836,0.076975,0.10829,0.08528,0.032357,0.094493,0.080419,0.12437,0.039553,0.07799,0.048232,0.023952,0.029565,0.1012,0.14805,0.027333,0.057539,0.026394,0.044892,0.026792,0.09176,0.085162,0.11505,0.11838,0.071823,0.099755,0.15547,0.15228,0.14182,0.099745,0.1538,0.11133,0.10672,0.11154,0.019092,0.03538,0.091802,0.054003,0.068374,0.0452,0.043016,0.087738,0.12064,0.10187,0.16712,0.27127,0.53433,0.14886,0.11103,0.1036,0.16336,0.17848,0.13282,0.1123,0.16189,0.12105,0.11275,0.16892,0.17965,0.15017,0.10319,0.1181,0.112,0.086082,0.14138,0.14889,0.12615,0.15409,0.1454,0.13441,0.057511,0.13564,0.12542,0.081708,0.016047,0.064167,0.22713,0.18405,0.11629,0.11526,0.11243,0.12692,0.14133,0.13604,0.11114,0.12587,0.11078,0.13428,0.12071,0.13675,0.061421,0.1188,0.046016,0.086447,0.12893,0.031714,0.12305,0.024515,0.081033,0.12299,0.14894,0.17457,0.18943,0.088524,0.059653,0.061766,0.065483
0.068259,0.031301,0.046503,0.053864,0.053288,0.046639,0.034484,0.044153,0.046279,0.050958,0.040712,0.029168,0.045319,0.03973,0.047247,0.036555,0.032377,0.032148,0.036855,0.033641,0.036826,0.035945,0.024343,0.04849,0.033429,0.02114,0.043031,0.037392,0.031816,0.015351,0.021094,0.029383,0.0098208,0.020241,0.019801,0.027356,0.050938,0.061338,0.030865,0.035328,0.041417,0.043545,0.055152,0.049416,0.04859,0.037967,0.032447,0.036932,0.030259,0.034992,0.033111,0.038546,0.046131,0.023936,0.037678,0.035124,0.038174,0.026147,0.049543,0.055006,0.020117,0.03198,0.033768,0.022872,0.013544,0.018201,0.015998,0.015599,0.014624,0.011795,0.013428,0.013453,0.033385,0.022671,0.017566,0.01384,0.019335,0.044105,0.028223,0.025898,0.027995,0.035976,0.038554,0.058266,0.043074,0.057306,0.02072,0.0067211,0.026441,0.013352,0.033873,0.016912,0.0045291,0.014955,0.041099,0.039558,0.020548,0.017903,0.051087,0.046307,0.033716,0.040092,0.043993,0.042065,0.051532,0.040193,0.02695,0.053595,0.044709,0.017828,0.032524,0.018321,0.043369,0.037682,0.020897,0.033365,0.037146,0.010497,0.023728,0.020308,0.036104,0.013923,0.013202,0.04283,0.018276,0.016812,0.022004,0.017194,0.020062,0.022079,0.0096427,0.0031373,0.023315,0.017057,0.014113,0.029049,0.044464,0.036212,0.032807,0.042051,0.033808,0.047408,0.042481,0.041257,0.030325,0.038346,0.049739,0.059205,0.03376,0.013506,0.013829,0.039485,0.029733,0.027282,0.013751,0.025775,0.033676,0.034548,0.036246,0.027455,0.020004,0.030299,0.031358,0.0031294,0.0077153,0.012418,0.040112,0.032395,0.043133,0.027187,0.025401,0.012726,0.043857,0.048959,0.033762,0.0097583,0.013181,0.027475,0.047954,0.037836,0.066899,0.02994,0.044966,0.053938,0.053915,0.046233,0.035452,0.041039,0.043507,0.052838,0.04268,0.041677,0.045218,0.038436,0.05071,0.03474,0.030936,0.034574,0.038418,0.034904,0.036327,0.037808,0.025065,0.049645,0.058301,0.028,0.043534,0.042791,0.034058,0.016474,0.023807,0.032272,0.0083488,0.014459,0.018612,0.026696,0.053008,0.061811,0.032752,0.035358,0.039334,0.042074,0.060152,0.056678,0.046601,0.037681,0.034221,0.037437,0.031433,0.035689,0.034485,0.038174,0.044329,0.026264,0.043548,0.043359,0.042241,0.023424,0.048668,0.056917,0.022362,0.035125,0.04002,0.028774,0.013203,0.022089,0.024731,0.01584,0.018403,0.0098587,0.019932,0.012214,0.033808,0.037477,0.028629,0.017195,0.024771,0.051761,0.034126,0.027208,0.037219,0.048901,0.040793,0.060447,0.04504,0.060431,0.023446,0.0032166,0.032831,0.013423,0.032585,0.023385,0.0072952,0.021493,0.039685,0.043432,0.028489,0.022381,0.056851,0.047469,0.034257,0.044535,0.043172,0.049141,0.054481,0.045151,0.029083,0.053479,0.048881,0.023242,0.042942,0.022384,0.044698,0.040086,0.025529,0.031895,0.041493,0.0081711,0.02493,0.019929,0.03409,0.017533,0.015603,0.040992,0.024187,0.019849,0.019531,0.020865,0.031462,0.025891,0.013444,0.0032445,0.027914,0.021657,0.018928,0.032511,0.047613,0.03599,0.04168,0.043255,0.035017,0.047684,0.044911,0.041634,0.031802,0.038526,0.052506,0.064974,0.040396,0.018545,0.02242,0.037315,0.031126,0.028437,0.013395,0.025167,0.03159,0.035094,0.038682,0.029534,0.020443,0.027036,0.033156,0.0039116,0.0051445,0.019978,0.050576,0.033918,0.048507,0.031655,0.034029,0.020482,0.04674,0.047118,0.031866,0.015392,0.017724,0.028039,0.05105,0.041446
0.17379,0.086601,0.1036,0.13141,0.13353,0.12848,0.085249,0.13337,0.1187,0.15965,0.12831,0.098806,0.098859,0.10255,0.12094,0.091269,0.09484,0.098069,0.092675,0.086989,0.10354,0.10262,0.062584,0.1383,0.11228,0.067828,0.1115,0.11323,0.086294,0.03956,0.050083,0.081136,0.025302,0.051372,0.048122,0.071589,0.13889,0.16696,0.083675,0.1018,0.11003,0.10584,0.17062,0.14853,0.12651,0.10045,0.08955,0.10327,0.081882,0.10099,0.090132,0.10068,0.12829,0.076529,0.11715,0.124,0.10599,0.071816,0.14535,0.16405,0.064269,0.09833,0.10686,0.084587,0.04147,0.065444,0.056221,0.054227,0.054206,0.038517,0.048329,0.045438,0.10417,0.081499,0.063773,0.04908,0.063809,0.15583,0.095149,0.088379,0.08703,0.11734,0.12046,0.17996,0.13708,0.17742,0.064977,0.016287,0.081623,0.037415,0.10854,0.056434,0.015651,0.049556,0.1141,0.12482,0.066034,0.058267,0.15071,0.13207,0.097497,0.10977,0.12085,0.12033,0.14526,0.1089,0.079074,0.16446,0.13499,0.058792,0.10152,0.059596,0.13004,0.1092,0.068654,0.10447,0.10887,0.02728,0.055287,0.052352,0.077358,0.042427,0.041115,0.13119,0.07058,0.043153,0.058944,0.053685,0.061474,0.06028,0.028406,0.012223,0.076705,0.059911,0.04459,0.090233,0.13898,0.11248,0.099858,0.11809,0.092436,0.11219,0.1168,0.12026,0.082908,0.10383,0.1498,0.18444,0.10209,0.040587,0.043977,0.094292,0.064715,0.06845,0.033396,0.067605,0.10272,0.09104,0.088616,0.062434,0.049424,0.08173,0.084193,0.0081105,0.021454,0.041298,0.11169,0.079741,0.13511,0.084486,0.09278,0.035376,0.12454,0.13847,0.10816,0.031662,0.049655,0.08111,0.13956,0.11476,0.16963,0.085275,0.10073,0.12653,0.13511,0.12103,0.084029,0.12843,0.11361,0.16144,0.14228,0.14095,0.10105,0.10071,0.13161,0.090084,0.091059,0.098154,0.096494,0.093003,0.096294,0.10173,0.066109,0.13855,0.18456,0.095212,0.11301,0.12967,0.093598,0.042652,0.052775,0.085435,0.023252,0.043475,0.049555,0.070043,0.13547,0.16962,0.079354,0.10234,0.10998,0.099899,0.18196,0.16919,0.12121,0.10171,0.093362,0.10298,0.080731,0.10641,0.094571,0.10709,0.12114,0.0831,0.11625,0.14895,0.11389,0.067478,0.1409,0.16874,0.067537,0.11432,0.12642,0.094342,0.041626,0.080571,0.085036,0.056086,0.063065,0.040891,0.072222,0.042082,0.11209,0.13257,0.10006,0.057675,0.085238,0.18479,0.11213,0.099142,0.11827,0.16399,0.1348,0.18586,0.14092,0.18556,0.076299,0.0085012,0.099286,0.039067,0.10231,0.070864,0.017708,0.068968,0.11672,0.13254,0.087456,0.076062,0.16714,0.13583,0.088746,0.11339,0.11477,0.13503,0.15546,0.12955,0.084407,0.16696,0.15358,0.068901,0.1368,0.067351,0.13591,0.12346,0.075375,0.10536,0.1249,0.024939,0.056472,0.052722,0.07448,0.046825,0.04133,0.12765,0.087791,0.04022,0.048341,0.066516,0.096167,0.07747,0.038119,0.0052697,0.093065,0.065299,0.0554,0.1015,0.15453,0.11079,0.13039,0.12754,0.097161,0.11762,0.12355,0.12859,0.090224,0.10759,0.15915,0.19737,0.1259,0.054982,0.066892,0.089197,0.065382,0.069206,0.035822,0.062627,0.095938,0.091516,0.098061,0.066724,0.056984,0.079634,0.081534,0.007707,0.013633,0.065872,0.13561,0.092375,0.15356,0.099577,0.12098,0.054237,0.12619,0.13857,0.11087,0.047766,0.064128,0.077549,0.14874,0.12125
0.2422,0.10168,0.12173,0.17569,0.16967,0.15408,0.10168,0.13116,0.15254,0.14346,0.10919,0.080357,0.12665,0.16235,0.20055,0.10472,0.097837,0.10286,0.10536,0.10148,0.12276,0.11546,0.076123,0.16882,0.092248,0.062458,0.15632,0.1142,0.15077,0.10659,0.11709,0.12532,0.071632,0.10635,0.10724,0.1037,0.15539,0.19602,0.10959,0.10989,0.11982,0.12826,0.13687,0.1418,0.15796,0.1293,0.10154,0.10429,0.091604,0.11802,0.1217,0.12412,0.14223,0.084832,0.11315,0.0871,0.1194,0.088494,0.14593,0.14599,0.090562,0.13215,0.13187,0.10356,0.06308,0.071134,0.09498,0.10046,0.070225,0.05593,0.074447,0.079924,0.14348,0.070615,0.05227,0.043644,0.078094,0.1163,0.090376,0.086011,0.092937,0.11371,0.13641,0.17714,0.15889,0.17529,0.086248,0.028151,0.11143,0.051563,0.11285,0.061557,0.022961,0.062202,0.13167,0.12894,0.10993,0.092959,0.12644,0.12044,0.10677,0.13629,0.13766,0.1348,0.13759,0.11158,0.079879,0.12624,0.10874,0.061205,0.10323,0.066919,0.099937,0.091076,0.058071,0.10697,0.11886,0.045486,0.09128,0.071738,0.11966,0.05173,0.029023,0.13746,0.051606,0.068982,0.078923,0.047894,0.054199,0.088169,0.042934,0.040277,0.11549,0.076056,0.049287,0.090519,0.15168,0.1232,0.090673,0.12158,0.11549,0.15717,0.15368,0.16035,0.13389,0.13045,0.12808,0.17565,0.16184,0.090044,0.11504,0.10462,0.084674,0.081285,0.060592,0.080197,0.10977,0.10097,0.10197,0.077377,0.10752,0.14155,0.096825,0.015707,0.033842,0.045904,0.12056,0.09555,0.11281,0.12012,0.10102,0.037309,0.14911,0.15861,0.09746,0.055237,0.085991,0.083711,0.14929,0.1313,0.23738,0.095131,0.11802,0.17102,0.17137,0.14608,0.10186,0.13191,0.1462,0.14317,0.11926,0.10973,0.1285,0.16523,0.21339,0.10274,0.095959,0.10082,0.10979,0.1056,0.11249,0.11705,0.076587,0.17165,0.15762,0.082405,0.1542,0.13607,0.15108,0.11624,0.12077,0.13668,0.076132,0.095332,0.12014,0.10918,0.15048,0.19707,0.11611,0.11064,0.11337,0.12235,0.1453,0.15722,0.14575,0.12447,0.10264,0.10215,0.088304,0.12355,0.11888,0.12228,0.13996,0.079351,0.1098,0.10068,0.12395,0.081932,0.13527,0.14647,0.09349,0.1564,0.16719,0.11581,0.069338,0.086199,0.14118,0.11406,0.097175,0.078434,0.10098,0.087486,0.15981,0.13042,0.087082,0.076532,0.11406,0.1431,0.10276,0.096641,0.13443,0.14795,0.1636,0.19318,0.16258,0.19039,0.1081,0.028736,0.11557,0.059108,0.10837,0.062228,0.021076,0.07809,0.13412,0.13124,0.14,0.1185,0.13733,0.12329,0.10396,0.1361,0.13068,0.1473,0.14221,0.11781,0.084685,0.12635,0.11805,0.066665,0.13055,0.069458,0.095773,0.095582,0.059088,0.096715,0.12675,0.040123,0.091654,0.073004,0.11153,0.052206,0.025762,0.12894,0.06428,0.061772,0.060203,0.062309,0.082305,0.1237,0.046265,0.041222,0.14198,0.093812,0.060029,0.10141,0.16812,0.11583,0.12255,0.12816,0.11396,0.15773,0.15558,0.16941,0.15224,0.13317,0.13257,0.18677,0.18895,0.12614,0.15062,0.10235,0.086189,0.07742,0.053211,0.073207,0.09752,0.10026,0.10848,0.079092,0.12121,0.13902,0.092202,0.01308,0.030077,0.052675,0.13621,0.10608,0.13544,0.14495,0.13053,0.04843,0.1493,0.15851,0.096098,0.085155,0.10751,0.076232,0.16151,0.13569
