SurfaceArea,Structure,dicv,seicv,lowciicv,upciicv,%diff,ncontrols,npatients,pobs,fdrP
HY4PDandHY5PDvsCN,Lbankssts,-0.162,18.36,-62.57,9.65,-2.70,299,74,0.150,
HY4PDandHY5PDvsCN,Lcaudalanteriorcingulate,-0.091,15.48,-42.11,18.77,-1.92,325,82,0.451,
HY4PDandHY5PDvsCN,Lcaudalmiddlefrontal,-0.073,38.09,-98.09,51.70,-1.06,327,82,0.543,
HY4PDandHY5PDvsCN,Lcuneus,-0.211,26.35,-96.61,7.03,-3.13,306,76,0.090,
HY4PDandHY5PDvsCN,Lentorhinal,-0.122,10.21,-30.25,9.90,-2.46,324,83,0.320,
HY4PDandHY5PDvsCN,Lfusiform,-0.251,40.88,-170.46,-9.69,-2.94,328,83,0.028,
HY4PDandHY5PDvsCN,Linferiorparietal,-0.320,66.82,-316.36,-53.54,-4.17,312,81,0.006,
HY4PDandHY5PDvsCN,Linferiortemporal,-0.405,50.55,-281.03,-82.19,-5.73,315,81,<0.001,
HY4PDandHY5PDvsCN,Listhmuscingulate,0.015,17.65,-32.51,36.89,0.22,327,82,0.901,
HY4PDandHY5PDvsCN,Llateraloccipital,-0.423,70.62,-395.94,-118.17,-5.50,319,78,<0.001,
HY4PDandHY5PDvsCN,Llateralorbitofrontal,-0.320,30.05,-142.09,-23.90,-3.34,328,83,0.006,
HY4PDandHY5PDvsCN,Llingual,-0.366,50.03,-251.44,-54.68,-5.20,325,78,0.002,
HY4PDandHY5PDvsCN,Lmedialorbitofrontal,-0.351,23.73,-120.23,-26.91,-4.10,323,83,0.002,
HY4PDandHY5PDvsCN,Lmiddletemporal,-0.257,46.85,-194.34,-10.44,-3.49,305,77,0.029,
HY4PDandHY5PDvsCN,Lparahippocampal,-0.151,12.63,-41.47,8.18,-2.46,327,83,0.188,
HY4PDandHY5PDvsCN,Lparacentral,-0.095,21.92,-60.44,25.75,-1.32,326,83,0.429,
HY4PDandHY5PDvsCN,Lparsopercularis,-0.026,29.14,-63.49,51.11,-0.40,327,83,0.832,
HY4PDandHY5PDvsCN,Lparsorbitalis,-0.297,8.94,-40.49,-5.33,-3.77,327,83,0.011,
HY4PDandHY5PDvsCN,Lparstriangularis,-0.201,22.85,-84.23,5.65,-3.24,328,82,0.086,
HY4PDandHY5PDvsCN,Lpericalcarine,-0.267,31,-128.04,-6.10,-5.01,308,75,0.031,
HY4PDandHY5PDvsCN,Lpostcentral,-0.124,50.71,-154.50,44.98,-1.33,309,81,0.281,
HY4PDandHY5PDvsCN,Lposteriorcingulate,-0.145,20.01,-64.34,14.35,-2.27,328,83,0.212,
HY4PDandHY5PDvsCN,Lprecentral,-0.117,53.53,-159.14,51.44,-1.12,310,80,0.315,
HY4PDandHY5PDvsCN,Lprecuneus,-0.424,48.56,-281.76,-90.81,-5.10,327,83,<0.001,
HY4PDandHY5PDvsCN,Lrostralanteriorcingulate,-0.089,17.41,-47.38,21.10,-1.61,318,83,0.451,
HY4PDandHY5PDvsCN,Lrostralmiddlefrontal,-0.292,73.58,-334.30,-44.91,-3.48,328,83,0.010,
HY4PDandHY5PDvsCN,Lsuperiorfrontal,-0.299,80.30,-374.12,-58.31,-3.15,319,81,0.007,
HY4PDandHY5PDvsCN,Lsuperiorparietal,-0.307,72.72,-329.22,-43.19,-3.55,317,83,0.011,
HY4PDandHY5PDvsCN,Lsuperiortemporal,-0.257,48.84,-205.22,-13.08,-2.99,294,76,0.026,
HY4PDandHY5PDvsCN,Lsupramarginal,-0.192,59.85,-215.62,19.81,-2.66,311,83,0.103,
HY4PDandHY5PDvsCN,Lfrontalpole,-0.179,4.04,-14.91,0.97,-3.34,325,83,0.085,
HY4PDandHY5PDvsCN,Ltemporalpole,-0.126,7.51,-22.68,6.87,-1.68,324,80,0.293,
HY4PDandHY5PDvsCN,Ltransversetemporal,-0.040,9.00,-20.85,14.54,-0.70,328,83,0.726,
HY4PDandHY5PDvsCN,Linsula,-0.146,25.95,-86.33,15.72,-1.63,326,83,0.174,
HY4PDandHY5PDvsCN,Rbankssts,-0.187,16.51,-59.28,5.66,-3.01,317,79,0.105,
HY4PDandHY5PDvsCN,Rcaudalanteriorcingulate,-0.038,18.18,-41.74,29.77,-0.82,328,83,0.742,
HY4PDandHY5PDvsCN,Rcaudalmiddlefrontal,-0.095,41.66,-115.36,48.47,-1.62,326,81,0.423,
HY4PDandHY5PDvsCN,Rcuneus,-0.334,25.43,-119.22,-19.15,-4.68,290,74,0.007,
HY4PDandHY5PDvsCN,Rentorhinal,-0.036,9.55,-21.74,15.83,-0.86,316,83,0.757,
HY4PDandHY5PDvsCN,Rfusiform,-0.379,41.83,-221.43,-56.91,-4.64,329,83,<0.001,
HY4PDandHY5PDvsCN,Rinferiorparietal,-0.249,72.92,-302.19,-15.39,-3.04,321,83,0.030,
HY4PDandHY5PDvsCN,Rinferiortemporal,-0.137,45.01,-142.71,34.31,-1.81,323,82,0.229,
HY4PDandHY5PDvsCN,Risthmuscingulate,0.137,16.80,-12.88,53.18,2.18,329,83,0.231,
HY4PDandHY5PDvsCN,Rlateraloccipital,-0.249,71.68,-295.28,-13.33,-3.38,321,80,0.032,
HY4PDandHY5PDvsCN,Rlateralorbitofrontal,-0.211,33.15,-126.24,4.12,-2.51,329,82,0.066,
HY4PDandHY5PDvsCN,Rlingual,-0.305,51.41,-236.12,-33.90,-4.56,315,78,0.009,
HY4PDandHY5PDvsCN,Rmedialorbitofrontal,-0.090,22.17,-61.54,25.67,-1.01,325,83,0.419,
HY4PDandHY5PDvsCN,Rmiddletemporal,-0.375,44.08,-232.19,-58.81,-4.50,318,82,0.001,
HY4PDandHY5PDvsCN,Rparahippocampal,-0.040,9.29,-21.55,14.97,-0.51,328,83,0.724,
HY4PDandHY5PDvsCN,Rparacentral,-0.072,22.09,-58.92,27.95,-1.04,326,83,0.484,
HY4PDandHY5PDvsCN,Rparsopercularis,-0.253,24.89,-103.47,-5.57,-4.05,328,83,0.029,
HY4PDandHY5PDvsCN,Rparsorbitalis,-0.301,11.39,-52.11,-7.30,-4.03,328,83,0.009,
HY4PDandHY5PDvsCN,Rparstriangularis,-0.105,24.37,-69.38,26.47,-1.53,329,83,0.379,
HY4PDandHY5PDvsCN,Rpericalcarine,-0.369,32.61,-161.17,-32.84,-6.61,287,71,0.003,
HY4PDandHY5PDvsCN,Rpostcentral,-0.230,48.89,-193.12,-0.84,-2.45,314,81,0.048,
HY4PDandHY5PDvsCN,Rposteriorcingulate,-0.239,20.21,-82.14,-2.67,-3.72,328,81,0.037,
HY4PDandHY5PDvsCN,Rprecentral,-0.106,53.38,-154.90,55.08,-1.03,313,81,0.350,
HY4PDandHY5PDvsCN,Rprecuneus,-0.400,50.77,-280.69,-81.03,-4.79,328,83,<0.001,
HY4PDandHY5PDvsCN,Rrostralanteriorcingulate,-0.059,16.23,-40.63,23.21,-1.33,324,83,0.592,
HY4PDandHY5PDvsCN,Rrostralmiddlefrontal,-0.182,78.10,-280.20,26.96,-2.28,324,83,0.106,
HY4PDandHY5PDvsCN,Rsuperiorfrontal,-0.297,81.05,-370.81,-52.02,-3.19,319,82,0.009,
HY4PDandHY5PDvsCN,Rsuperiorparietal,-0.279,66.74,-292.73,-30.23,-3.09,321,83,0.016,
HY4PDandHY5PDvsCN,Rsuperiortemporal,-0.361,38.63,-200.72,-48.76,-3.59,311,80,0.001,
HY4PDandHY5PDvsCN,Rsupramarginal,-0.239,52.40,-211.45,-5.35,-3.08,320,83,0.039,
HY4PDandHY5PDvsCN,Rfrontalpole,0.074,5.28,-6.88,13.89,1.29,326,83,0.507,
HY4PDandHY5PDvsCN,Rtemporalpole,-0.029,7.96,-17.69,13.61,-0.48,316,82,0.798,
HY4PDandHY5PDvsCN,Rtransversetemporal,-0.174,6.29,-21.84,2.91,-2.86,329,83,0.134,
HY4PDandHY5PDvsCN,Rinsula,-0.344,30.47,-153.31,-33.48,-4.18,326,83,0.002,