CorticalThickness,Structure,d_icv,se_icv,low_ci_icv,up_ci_icv,%diff,n_controls,n_patients,pobs,fdr_p
HY2PDvsHY3PD,L_bankssts,-0.165,0.015,-0.071,-0.013,-1.831,919,229,0.005,
HY2PDvsHY3PD,L_caudalanteriorcingulate,-0.058,0.022,-0.064,0.023,-0.778,1046,257,0.356,
HY2PDvsHY3PD,L_caudalmiddlefrontal,-0.116,0.013,-0.049,<0.001,-1.027,1051,259,0.053,
HY2PDvsHY3PD,L_cuneus,-0.126,0.012,-0.049,-0.001,-1.407,980,225,0.045,
HY2PDvsHY3PD,L_entorhinal,-0.165,0.027,-0.123,-0.019,-2.206,1028,259,0.008,
HY2PDvsHY3PD,L_fusiform,-0.186,0.013,-0.069,-0.016,-1.661,1038,254,0.002,
HY2PDvsHY3PD,L_inferiorparietal,-0.233,0.012,-0.070,-0.023,-2.054,1015,250,<0.001,
HY2PDvsHY3PD,L_inferiortemporal,-0.183,0.014,-0.071,-0.015,-1.627,1020,234,0.003,
HY2PDvsHY3PD,L_isthmuscingulate,-0.151,0.015,-0.067,-0.007,-1.611,1052,259,0.016,
HY2PDvsHY3PD,L_lateraloccipital,-0.148,0.012,-0.052,-0.006,-1.389,1036,248,0.015,
HY2PDvsHY3PD,L_lateralorbitofrontal,-0.141,0.013,-0.058,-0.006,-1.267,1055,260,0.016,
HY2PDvsHY3PD,L_lingual,-0.185,0.011,-0.055,-0.013,-1.766,1020,244,0.002,
HY2PDvsHY3PD,L_medialorbitofrontal,0.002,0.013,-0.026,0.027,0.015,1042,256,0.979,
HY2PDvsHY3PD,L_middletemporal,-0.237,0.014,-0.083,-0.027,-2.073,960,231,<0.001,
HY2PDvsHY3PD,L_parahippocampal,-0.093,0.024,-0.082,0.011,-1.411,1055,259,0.133,
HY2PDvsHY3PD,L_paracentral,-0.113,0.015,-0.057,0.001,-1.272,1047,257,0.056,
HY2PDvsHY3PD,L_parsopercularis,-0.117,0.012,-0.048,<0.001,-1.014,1053,259,0.048,
HY2PDvsHY3PD,L_parsorbitalis,-0.082,0.016,-0.052,0.010,-0.836,1050,260,0.179,
HY2PDvsHY3PD,L_parstriangularis,-0.172,0.013,-0.061,-0.012,-1.593,1053,260,0.004,
HY2PDvsHY3PD,L_pericalcarine,-0.055,0.012,-0.035,0.012,-0.732,976,219,0.349,
HY2PDvsHY3PD,L_postcentral,-0.101,0.011,-0.040,0.002,-0.970,1002,248,0.075,
HY2PDvsHY3PD,L_posteriorcingulate,-0.091,0.014,-0.048,0.007,-0.861,1054,259,0.142,
HY2PDvsHY3PD,L_precentral,-0.140,0.014,-0.061,-0.006,-1.413,1010,246,0.017,
HY2PDvsHY3PD,L_precuneus,-0.207,0.012,-0.066,-0.019,-1.920,1053,257,<0.001,
HY2PDvsHY3PD,L_rostralanteriorcingulate,-0.060,0.020,-0.056,0.020,-0.649,1040,257,0.361,
HY2PDvsHY3PD,L_rostralmiddlefrontal,-0.197,0.011,-0.059,-0.016,-1.672,1042,258,0.001,
HY2PDvsHY3PD,L_superiorfrontal,-0.153,0.012,-0.054,-0.006,-1.183,1025,252,0.014,
HY2PDvsHY3PD,L_superiorparietal,-0.156,0.012,-0.055,-0.009,-1.565,1019,244,0.006,
HY2PDvsHY3PD,L_superiortemporal,-0.214,0.014,-0.078,-0.022,-1.940,903,212,0.001,
HY2PDvsHY3PD,L_supramarginal,-0.201,0.012,-0.066,-0.017,-1.771,1000,246,0.001,
HY2PDvsHY3PD,L_frontalpole,-0.059,0.022,-0.062,0.023,-0.731,1053,260,0.367,
HY2PDvsHY3PD,L_temporalpole,-0.013,0.028,-0.061,0.050,-0.155,1004,238,0.847,
HY2PDvsHY3PD,L_transversetemporal,-0.059,0.017,-0.051,0.017,-0.779,1058,260,0.336,
HY2PDvsHY3PD,L_insula,-0.008,0.015,-0.031,0.028,-0.062,1052,255,0.905,
HY2PDvsHY3PD,R_bankssts,-0.145,0.015,-0.068,-0.008,-1.581,1003,241,0.013,
HY2PDvsHY3PD,R_caudalanteriorcingulate,-0.029,0.020,-0.049,0.030,-0.377,1046,258,0.644,
HY2PDvsHY3PD,R_caudalmiddlefrontal,-0.125,0.013,-0.052,<0.001,-1.098,1048,257,0.046,
HY2PDvsHY3PD,R_cuneus,-0.110,0.012,-0.048,<0.001,-1.348,953,230,0.049,
HY2PDvsHY3PD,R_entorhinal,-0.124,0.030,-0.128,-0.012,-2.103,998,244,0.019,
HY2PDvsHY3PD,R_fusiform,-0.123,0.015,-0.068,-0.008,-1.477,1047,255,0.013,
HY2PDvsHY3PD,R_inferiorparietal,-0.159,0.012,-0.058,-0.010,-1.469,1018,252,0.005,
HY2PDvsHY3PD,R_inferiortemporal,-0.079,0.014,-0.048,0.008,-0.749,1025,242,0.166,
HY2PDvsHY3PD,R_isthmuscingulate,-0.114,0.016,-0.062,0.001,-1.325,1047,258,0.061,
HY2PDvsHY3PD,R_lateraloccipital,-0.154,0.012,-0.056,-0.007,-1.476,1035,252,0.011,
HY2PDvsHY3PD,R_lateralorbitofrontal,-0.053,0.013,-0.040,0.013,-0.553,1051,259,0.310,
HY2PDvsHY3PD,R_lingual,-0.112,0.011,-0.046,-0.002,-1.219,996,245,0.035,
HY2PDvsHY3PD,R_medialorbitofrontal,-0.003,0.014,-0.028,0.027,-0.030,1037,256,0.961,
HY2PDvsHY3PD,R_middletemporal,-0.155,0.014,-0.066,-0.011,-1.438,1018,251,0.007,
HY2PDvsHY3PD,R_parahippocampal,-0.188,0.021,-0.106,-0.025,-2.599,1044,258,0.002,
HY2PDvsHY3PD,R_paracentral,-0.098,0.015,-0.053,0.005,-1.068,1040,254,0.101,
HY2PDvsHY3PD,R_parsopercularis,-0.067,0.012,-0.039,0.010,-0.593,1052,259,0.251,
HY2PDvsHY3PD,R_parsorbitalis,0.025,0.015,-0.024,0.037,0.254,1048,258,0.678,
HY2PDvsHY3PD,R_parstriangularis,-0.044,0.012,-0.033,0.015,-0.395,1045,259,0.459,
HY2PDvsHY3PD,R_pericalcarine,-0.086,0.013,-0.046,0.005,-1.300,935,222,0.109,
HY2PDvsHY3PD,R_postcentral,-0.080,0.011,-0.038,0.005,-0.849,996,244,0.135,
HY2PDvsHY3PD,R_posteriorcingulate,-0.154,0.013,-0.063,-0.010,-1.571,1054,259,0.006,
HY2PDvsHY3PD,R_precentral,-0.120,0.014,-0.056,-0.001,-1.226,1008,247,0.042,
HY2PDvsHY3PD,R_precuneus,-0.176,0.012,-0.059,-0.012,-1.605,1050,258,0.003,
HY2PDvsHY3PD,R_rostralanteriorcingulate,0.140,0.020,0.008,0.088,1.790,1038,255,0.019,
HY2PDvsHY3PD,R_rostralmiddlefrontal,-0.068,0.011,-0.037,0.007,-0.663,1048,259,0.193,
HY2PDvsHY3PD,R_superiorfrontal,-0.121,0.012,-0.049,-0.002,-1.011,1026,251,0.034,
HY2PDvsHY3PD,R_superiorparietal,-0.145,0.012,-0.055,-0.008,-1.538,1023,247,0.008,
HY2PDvsHY3PD,R_superiortemporal,-0.115,0.013,-0.057,-0.004,-1.188,958,239,0.024,
HY2PDvsHY3PD,R_supramarginal,-0.170,0.012,-0.060,-0.011,-1.492,1013,250,0.005,
HY2PDvsHY3PD,R_frontalpole,-0.044,0.022,-0.058,0.027,-0.600,1052,257,0.474,
HY2PDvsHY3PD,R_temporalpole,-0.077,0.029,-0.093,0.019,-1.038,1001,241,0.195,
HY2PDvsHY3PD,R_transversetemporal,-0.093,0.019,-0.075,<0.001,-1.686,1057,259,0.050,
HY2PDvsHY3PD,R_insula,0.001,0.016,-0.032,0.033,0.015,1043,256,0.980,